model,n_samples,brier_score_raw,brier_score_isotonic,brier_score_temperature,brier_improvement_iso,brier_improvement_temp
mistral:7b,200,0.21631349999999996,0.1741380614068872,0.21631349999999996,0.04217543859311276,0.0
olmo2:7b,200,0.17521799999999998,0.16547542784212177,0.17521799999999998,0.009742572157878215,0.0
gemma3:4b,200,0.410862,0.23067781509964597,0.41086200000000006,0.18018418490035404,-5.551115123125783e-17
llama3.2:3b,200,0.27624000000000004,0.21579634226195005,0.27624,0.060443657738049994,5.551115123125783e-17
