model,false_legitimization_rate_FLR,false_legitimization_count_FL,n_illegit_events,false_illegitimization_rate_FIR,false_illegitimization_count_FI,n_legit_events,total_events,harm_ratio_FL_to_FI
mistral:7b,0.07272727272727272,4,55,0.13380281690140844,19,142,200,0.21052631578947367
olmo2:7b,0.15,9,60,0.036231884057971016,5,138,200,1.8
gemma3:4b,0.016666666666666666,1,60,0.6594202898550725,91,138,200,0.01098901098901099
llama3.2:3b,0.1,6,60,0.2826086956521739,39,138,200,0.15384615384615385
