{"mistral:7b": {"x": [0.0, 0.01, 0.02, 0.03, 0.04, 0.05, 0.06, 0.07, 0.08, 0.09, 0.1, 0.11, 0.12, 0.13, 0.14, 0.15, 0.16, 0.17, 0.18, 0.19, 0.2, 0.21, 0.22, 0.23, 0.24, 0.25, 0.26, 0.27, 0.28, 0.29, 0.3, 0.31, 0.32, 0.33, 0.34, 0.35000000000000003, 0.36, 0.37, 0.38, 0.39, 0.4, 0.41000000000000003, 0.42, 0.43, 0.44, 0.45, 0.46, 0.47000000000000003, 0.48, 0.49, 0.5, 0.51, 0.52, 0.53, 0.54, 0.55, 0.56, 0.5700000000000001, 0.58, 0.59, 0.6, 0.61, 0.62, 0.63, 0.64, 0.65, 0.66, 0.67, 0.68, 0.6900000000000001, 0.7000000000000001, 0.71, 0.72, 0.73, 0.74, 0.75, 0.76, 0.77, 0.78, 0.79, 0.8, 0.81, 0.8200000000000001, 0.8300000000000001, 0.84, 0.85, 0.86, 0.87, 0.88, 0.89, 0.9, 0.91, 0.92, 0.93, 0.9400000000000001, 0.9500000000000001, 0.96, 0.97, 0.98, 0.99, 1.0], "y": [0.0, 0.0, 0.0, 0.0, 0.0, 0.0, 0.0, 0.0, 0.0, 0.0, 0.0, 0.0, 0.0, 0.0, 0.0, 0.0, 0.0, 0.0, 0.0, 0.0, 0.0, 0.0, 0.0, 0.0, 0.0, 0.0, 0.0, 0.0, 0.0, 0.0, 0.0, 0.0, 0.0, 0.0, 0.0, 0.0, 0.0, 0.0, 0.0, 0.0, 0.0, 0.0, 0.0, 0.0, 0.0, 0.0, 0.0, 0.0, 0.0, 0.0, 0.0, 0.0, 0.0, 0.0, 0.0, 0.0, 0.018181818181818202, 0.036363636363636404, 0.054545454545454404, 0.0727272727272726, 0.0909090909090908, 0.109090909090909, 0.1272727272727272, 0.14545454545454542, 0.1636363636363636, 0.18181818181818182, 0.19792207792207794, 0.21402597402597406, 0.23012987012987018, 0.2462337662337663, 0.2623376623376624, 0.2784415584415584, 0.2945454545454545, 0.3106493506493506, 0.32675324675324674, 0.34285714285714286, 0.3666795366795367, 0.39050193050193055, 0.4143243243243244, 0.43814671814671824, 0.46196911196911206, 0.48579150579150593, 0.5096138996138997, 0.5334362934362936, 0.5572586872586872, 0.581081081081081, 0.6156845369960123, 0.6502879929109436, 0.684891448825875, 0.7194949047408064, 0.7540983606557377, 0.7872433550851503, 0.8203883495145631, 0.8203883495145631, 0.8203883495145631, 0.8203883495145634, 0.8494369818681562, 0.8784856142217493, 0.9075342465753424, 0.9075342465753424, 0.9075342465753424]}, "olmo2:7b": {"x": [0.0, 0.01, 0.02, 0.03, 0.04, 0.05, 0.06, 0.07, 0.08, 0.09, 0.1, 0.11, 0.12, 0.13, 0.14, 0.15, 0.16, 0.17, 0.18, 0.19, 0.2, 0.21, 0.22, 0.23, 0.24, 0.25, 0.26, 0.27, 0.28, 0.29, 0.3, 0.31, 0.32, 0.33, 0.34, 0.35000000000000003, 0.36, 0.37, 0.38, 0.39, 0.4, 0.41000000000000003, 0.42, 0.43, 0.44, 0.45, 0.46, 0.47000000000000003, 0.48, 0.49, 0.5, 0.51, 0.52, 0.53, 0.54, 0.55, 0.56, 0.5700000000000001, 0.58, 0.59, 0.6, 0.61, 0.62, 0.63, 0.64, 0.65, 0.66, 0.67, 0.68, 0.6900000000000001, 0.7000000000000001, 0.71, 0.72, 0.73, 0.74, 0.75, 0.76, 0.77, 0.78, 0.79, 0.8, 0.81, 0.8200000000000001, 0.8300000000000001, 0.84, 0.85, 0.86, 0.87, 0.88, 0.89, 0.9, 0.91, 0.92, 0.93, 0.9400000000000001, 0.9500000000000001, 0.96, 0.97, 0.98, 0.99, 1.0], "y": [0.5652173913043478, 0.5652173913043478, 0.5652173913043478, 0.5652173913043478, 0.5652173913043478, 0.5652173913043478, 0.5652173913043478, 0.5652173913043478, 0.5652173913043478, 0.5652173913043478, 0.5652173913043478, 0.5652173913043478, 0.5652173913043478, 0.5652173913043478, 0.5652173913043478, 0.5652173913043478, 0.5652173913043478, 0.5652173913043478, 0.5652173913043478, 0.5652173913043478, 0.5652173913043478, 0.5652173913043478, 0.5652173913043478, 0.5652173913043478, 0.5652173913043478, 0.5652173913043478, 0.5652173913043478, 0.5652173913043478, 0.5652173913043478, 0.5652173913043478, 0.5652173913043478, 0.5652173913043478, 0.5652173913043478, 0.5652173913043478, 0.5652173913043478, 0.5652173913043478, 0.5652173913043478, 0.5652173913043478, 0.5652173913043478, 0.5652173913043478, 0.5652173913043478, 0.5652173913043478, 0.5652173913043478, 0.5652173913043478, 0.5652173913043478, 0.5652173913043478, 0.5652173913043478, 0.5652173913043478, 0.5652173913043478, 0.5652173913043478, 0.5652173913043478, 0.5652173913043478, 0.5652173913043478, 0.5652173913043478, 0.5652173913043478, 0.5652173913043478, 0.5652173913043478, 0.5652173913043478, 0.5652173913043478, 0.5652173913043478, 0.5652173913043478, 0.5652173913043478, 0.5652173913043478, 0.5652173913043478, 0.5652173913043478, 0.5652173913043478, 0.5821739130434783, 0.5991304347826087, 0.6160869565217393, 0.6330434782608697, 0.65, 0.65, 0.65, 0.65, 0.65, 0.65, 0.6620833333333334, 0.6741666666666667, 0.68625, 0.6983333333333334, 0.7104166666666668, 0.7225000000000001, 0.7345833333333335, 0.7466666666666668, 0.75875, 0.7708333333333334, 0.7708333333333334, 0.7708333333333334, 0.7708333333333334, 0.8116281204111601, 0.8524229074889867, 0.8524229074889867, 0.8524229074889867, 0.8524229074889867, 0.8524229074889867, 0.8524229074889872, 0.88931718061674, 0.9262114537444934, 0.9631057268722467, 1.0, 1.0]}, "gemma3:4b": {"x": [0.0, 0.01, 0.02, 0.03, 0.04, 0.05, 0.06, 0.07, 0.08, 0.09, 0.1, 0.11, 0.12, 0.13, 0.14, 0.15, 0.16, 0.17, 0.18, 0.19, 0.2, 0.21, 0.22, 0.23, 0.24, 0.25, 0.26, 0.27, 0.28, 0.29, 0.3, 0.31, 0.32, 0.33, 0.34, 0.35000000000000003, 0.36, 0.37, 0.38, 0.39, 0.4, 0.41000000000000003, 0.42, 0.43, 0.44, 0.45, 0.46, 0.47000000000000003, 0.48, 0.49, 0.5, 0.51, 0.52, 0.53, 0.54, 0.55, 0.56, 0.5700000000000001, 0.58, 0.59, 0.6, 0.61, 0.62, 0.63, 0.64, 0.65, 0.66, 0.67, 0.68, 0.6900000000000001, 0.7000000000000001, 0.71, 0.72, 0.73, 0.74, 0.75, 0.76, 0.77, 0.78, 0.79, 0.8, 0.81, 0.8200000000000001, 0.8300000000000001, 0.84, 0.85, 0.86, 0.87, 0.88, 0.89, 0.9, 0.91, 0.92, 0.93, 0.9400000000000001, 0.9500000000000001, 0.96, 0.97, 0.98, 0.99, 1.0], "y": [0.06666666666666667, 0.06666666666666667, 0.06666666666666667, 0.06666666666666667, 0.06666666666666667, 0.06666666666666667, 0.06666666666666667, 0.06666666666666667, 0.06666666666666667, 0.06666666666666667, 0.06666666666666667, 0.06666666666666667, 0.06666666666666667, 0.06666666666666667, 0.06666666666666667, 0.06666666666666667, 0.06666666666666667, 0.06666666666666667, 0.06666666666666667, 0.06666666666666667, 0.06666666666666667, 0.06666666666666667, 0.06666666666666667, 0.06666666666666667, 0.06666666666666667, 0.06666666666666667, 0.06666666666666667, 0.06666666666666667, 0.06666666666666667, 0.06666666666666667, 0.06666666666666667, 0.06666666666666667, 0.06666666666666667, 0.06666666666666667, 0.06666666666666667, 0.06666666666666667, 0.06666666666666667, 0.06666666666666667, 0.06666666666666667, 0.06666666666666667, 0.06666666666666667, 0.06666666666666667, 0.06666666666666667, 0.06666666666666667, 0.06666666666666667, 0.06666666666666667, 0.06666666666666667, 0.06666666666666667, 0.06666666666666667, 0.06666666666666667, 0.06666666666666667, 0.06666666666666667, 0.06666666666666667, 0.06666666666666667, 0.06666666666666667, 0.06666666666666667, 0.06666666666666667, 0.06666666666666667, 0.06666666666666667, 0.06666666666666667, 0.06666666666666667, 0.06666666666666667, 0.06666666666666667, 0.06666666666666667, 0.06666666666666667, 0.06666666666666667, 0.06666666666666667, 0.06666666666666667, 0.06666666666666667, 0.06666666666666667, 0.06666666666666667, 0.06666666666666667, 0.06666666666666667, 0.06666666666666667, 0.06666666666666667, 0.06666666666666667, 0.09666666666666668, 0.12666666666666668, 0.15666666666666668, 0.1866666666666667, 0.21666666666666667, 0.21666666666666667, 0.21666666666666667, 0.21666666666666667, 0.21666666666666667, 0.4181523500810373, 0.4181523500810373, 0.4181523500810373, 0.4181523500810373, 0.4181523500810373, 0.7777777777777778, 0.7777777777777778, 0.7777777777777778, 0.7777777777777778, 0.7777777777777778, 0.7777777777777778, 0.7777777777777778, 0.7777777777777778, 0.7777777777777778, 0.7777777777777778, 0.7777777777777778]},