model,label,precision,recall,f1,support
mistral:7b,B,0.9555555555555556,0.8686868686868687,0.91005291005291,99
mistral:7b,E,0.0,0.0,0.0,3
mistral:7b,S,0.8095238095238095,0.3953488372093023,0.53125,43
mistral:7b,V,0.6885245901639344,0.7636363636363637,0.7241379310344828,55
