{"mistral:7b": {"x": [0.0, 0.01, 0.02, 0.03, 0.04, 0.05, 0.06, 0.07, 0.08, 0.09, 0.1, 0.11, 0.12, 0.13, 0.14, 0.15, 0.16, 0.17, 0.18, 0.19, 0.2, 0.21, 0.22, 0.23, 0.24, 0.25, 0.26, 0.27, 0.28, 0.29, 0.3, 0.31, 0.32, 0.33, 0.34, 0.35000000000000003, 0.36, 0.37, 0.38, 0.39, 0.4, 0.41000000000000003, 0.42, 0.43, 0.44, 0.45, 0.46, 0.47000000000000003, 0.48, 0.49, 0.5, 0.51, 0.52, 0.53, 0.54, 0.55, 0.56, 0.5700000000000001, 0.58, 0.59, 0.6, 0.61, 0.62, 0.63, 0.64, 0.65, 0.66, 0.67, 0.68, 0.6900000000000001, 0.7000000000000001, 0.71, 0.72, 0.73, 0.74, 0.75, 0.76, 0.77, 0.78, 0.79, 0.8, 0.81, 0.8200000000000001, 0.8300000000000001, 0.84, 0.85, 0.86, 0.87, 0.88, 0.89, 0.9, 0.91, 0.92, 0.93, 0.9400000000000001, 0.9500000000000001, 0.96, 0.97, 0.98, 0.99, 1.0], "y": [0.21428571428571427, 0.21428571428571427, 0.21428571428571427, 0.21428571428571427, 0.21428571428571427, 0.21428571428571427, 0.21428571428571427, 0.21428571428571427, 0.21428571428571427, 0.21428571428571427, 0.21428571428571427, 0.21428571428571427, 0.21428571428571427, 0.21428571428571427, 0.21428571428571427, 0.21428571428571427, 0.21428571428571427, 0.21428571428571427, 0.21428571428571427, 0.21428571428571427, 0.21428571428571427, 0.21428571428571427, 0.21428571428571427, 0.21428571428571427, 0.21428571428571427, 0.21428571428571427, 0.21428571428571427, 0.21428571428571427, 0.21428571428571427, 0.21428571428571427, 0.21428571428571427, 0.21428571428571427, 0.21428571428571427, 0.21428571428571427, 0.21428571428571427, 0.21428571428571427, 0.21428571428571427, 0.21428571428571427, 0.21428571428571427, 0.21428571428571427, 0.21428571428571427, 0.21428571428571427, 0.21428571428571427, 0.21428571428571427, 0.21428571428571427, 0.21428571428571427, 0.21428571428571427, 0.21428571428571427, 0.21428571428571427, 0.21428571428571427, 0.21428571428571427, 0.21428571428571427, 0.21428571428571427, 0.21428571428571427, 0.21428571428571427, 0.21428571428571427, 0.21428571428571427, 0.21428571428571427, 0.21428571428571427, 0.21428571428571427, 0.21428571428571427, 0.21428571428571427, 0.21428571428571427, 0.21428571428571427, 0.21428571428571427, 0.21428571428571427, 0.268295739348371, 0.32230576441102765, 0.3763157894736844, 0.43032581453634106, 0.48433583959899773, 0.5383458646616539, 0.5923558897243105, 0.6463659147869673, 0.700375939849624, 0.7543859649122807, 0.7576853656775684, 0.7609847664428562, 0.7642841672081438, 0.7675835679734315, 0.7708829687387193, 0.774182369504007, 0.7774817702692947, 0.7807811710345824, 0.7840805717998701, 0.7873799725651578, 0.7873799725651578, 0.7873799725651578, 0.7873799725651578, 0.7873799725651578, 0.7873799725651578, 0.7873799725651578, 0.7873799725651578, 0.7873799725651578, 0.7873799725651578, 0.7873799725651578, 0.7873799725651578, 0.7873799725651578, 0.7873799725651578, 0.7873799725651578, 0.7873799725651578]}}