model,label,precision,recall,f1,support
mistral:7b,B,0.8299319727891157,0.9384615384615385,0.8808664259927798,130
mistral:7b,E,0.2,0.034482758620689655,0.058823529411764705,29
mistral:7b,S,0.625,0.625,0.625,16
mistral:7b,V,0.8888888888888888,0.96,0.9230769230769231,25
