model,label,precision,recall,f1,support
mistral:7b,B,0.7972027972027972,0.926829268292683,0.8571428571428571,123
mistral:7b,E,0.5,0.08823529411764706,0.15,34
mistral:7b,S,0.5,0.21428571428571427,0.3,14
mistral:7b,V,0.7428571428571429,0.896551724137931,0.8125,29
