{
  "llama3.2": {
    "isotonic_trained": true,
    "T": 1.0,
    "T_multiclass": 0.26722166245066964,
    "val_logloss_before": 1.1688526324399942,
    "val_logloss_isotonic": 1.0500304144412855,
    "val_logloss_temp": 1.168852632440327,
    "val_brier_before": 0.40666666666666673,
    "val_brier_isotonic": 0.3775510204081633,
    "val_brier_temp": 0.40666666666666657,
    "n_train": 14,
    "n_val": 6
  },
  "qwen2.5": {
    "isotonic_trained": true,
    "T": 1.0,
    "T_multiclass": 0.19152243059435006,
    "val_logloss_before": 6.007275564852859,
    "val_logloss_isotonic": 0.5015995317306446,
    "val_logloss_temp": 4.605155369883772,
    "val_brier_before": 0.16666666666666666,
    "val_brier_isotonic": 0.14795918367346939,
    "val_brier_temp": 0.1666666666663333,
    "n_train": 14,
    "n_val": 6
  },
  "mistral": {
    "isotonic_trained": true,
    "T": 0.7580837120949719,
    "T_multiclass": 0.6101877632028321,
    "val_logloss_before": 0.9052837235534578,
    "val_logloss_isotonic": 6.432371178903754,
    "val_logloss_temp": 1.0999066658657914,
    "val_brier_before": 0.2825,
    "val_brier_isotonic": 0.3045267489711934,
    "val_brier_temp": 0.301703948750171,
    "n_train": 14,
    "n_val": 6
  }
}