{
  "llama3.2": {
    "V": 0.8,
    "B": 0.8,
    "E": 0.7000000000000001,
    "P": 0.0,
    "R": 0.0,
    "S": 0.0
  },
  "qwen2.5": {
    "V": 0.99,
    "B": 0.95,
    "E": 0.30000000000000004,
    "P": 0.0,
    "R": 0.0,
    "S": 0.9
  },
  "mistral": {
    "V": 0.0,
    "B": 0.4,
    "E": 0.2,
    "P": 0.0,
    "R": 0.0,
    "S": 0.0
  }
}