event_id,true_label,actor_norm,pred_label_llama3.2,pred_label_mistral,pred_label_qwen2.5,pred_prob_llama3.2,pred_prob_mistral,pred_prob_qwen2.5,disagreement_count,max_confidence
NIG19553,B,Other Actors,V,B,B,0.999999999999,0.979847235327572,0.999999999999,2,0.999999999999
NIG16292,V,Other Actors,B,B,V,0.8999999999999999,0.979847235327572,0.999999999999,2,0.999999999999
NIG17107,V,Other Actors,E,E,P,0.8999999999999999,0.9078899569304498,0.999999999999,2,0.999999999999
NIG17399,V,Other Actors,V,V,P,0.999999999999,0.9078899569304498,0.999999999999,2,0.999999999999
NIG31771,V,Other Actors,E,V,V,0.8999999999999999,0.9078899569304498,0.999999999999,2,0.999999999999
NIG33251,S,Other Actors,E,E,S,0.8999999999999999,0.9078899569304498,0.9499999999999998,2,0.9499999999999998
