{"mistral:7b": {"x": [0.0, 0.01, 0.02, 0.03, 0.04, 0.05, 0.06, 0.07, 0.08, 0.09, 0.1, 0.11, 0.12, 0.13, 0.14, 0.15, 0.16, 0.17, 0.18, 0.19, 0.2, 0.21, 0.22, 0.23, 0.24, 0.25, 0.26, 0.27, 0.28, 0.29, 0.3, 0.31, 0.32, 0.33, 0.34, 0.35000000000000003, 0.36, 0.37, 0.38, 0.39, 0.4, 0.41000000000000003, 0.42, 0.43, 0.44, 0.45, 0.46, 0.47000000000000003, 0.48, 0.49, 0.5, 0.51, 0.52, 0.53, 0.54, 0.55, 0.56, 0.5700000000000001, 0.58, 0.59, 0.6, 0.61, 0.62, 0.63, 0.64, 0.65, 0.66, 0.67, 0.68, 0.6900000000000001, 0.7000000000000001, 0.71, 0.72, 0.73, 0.74, 0.75, 0.76, 0.77, 0.78, 0.79, 0.8, 0.81, 0.8200000000000001, 0.8300000000000001, 0.84, 0.85, 0.86, 0.87, 0.88, 0.89, 0.9, 0.91, 0.92, 0.93, 0.9400000000000001, 0.9500000000000001, 0.96, 0.97, 0.98, 0.99, 1.0], "y": [0.0, 0.0, 0.0, 0.0, 0.0, 0.0, 0.0, 0.0, 0.0, 0.0, 0.0, 0.0, 0.0, 0.0, 0.0, 0.0, 0.0, 0.0, 0.0, 0.0, 0.0, 0.0, 0.0, 0.0, 0.0, 0.0, 0.0, 0.0, 0.0, 0.0, 0.0, 0.0, 0.0, 0.0, 0.0, 0.0, 0.0, 0.0, 0.0, 0.0, 0.0, 0.0, 0.0, 0.0, 0.0, 0.0, 0.0, 0.0, 0.0, 0.0, 0.0, 0.01666666666666668, 0.03333333333333336, 0.05000000000000004, 0.06666666666666672, 0.0833333333333334, 0.10000000000000007, 0.11666666666666677, 0.13333333333333325, 0.14999999999999994, 0.1666666666666666, 0.1833333333333333, 0.19999999999999998, 0.21666666666666665, 0.23333333333333334, 0.25, 0.25227272727272726, 0.2545454545454545, 0.25681818181818183, 0.2590909090909091, 0.26136363636363635, 0.2636363636363636, 0.2659090909090909, 0.2681818181818182, 0.27045454545454545, 0.2727272727272727, 0.2819410319410319, 0.29115479115479115, 0.30036855036855037, 0.3095823095823096, 0.3187960687960688, 0.32800982800982803, 0.33722358722358725, 0.3464373464373465, 0.35565110565110564, 0.36486486486486486, 0.3918918918918919, 0.4189189189189189, 0.44594594594594594, 0.47297297297297297, 0.5, 0.5502145922746782, 0.6004291845493565, 0.6506437768240346, 0.7008583690987129, 0.7510729613733905, 0.7510729613733905, 0.7510729613733905, 0.7510729613733905, 0.7510729613733905, 0.7510729613733905]}, "olmo2:7b": {"x": [0.0, 0.01, 0.02, 0.03, 0.04, 0.05, 0.06, 0.07, 0.08, 0.09, 0.1, 0.11, 0.12, 0.13, 0.14, 0.15, 0.16, 0.17, 0.18, 0.19, 0.2, 0.21, 0.22, 0.23, 0.24, 0.25, 0.26, 0.27, 0.28, 0.29, 0.3, 0.31, 0.32, 0.33, 0.34, 0.35000000000000003, 0.36, 0.37, 0.38, 0.39, 0.4, 0.41000000000000003, 0.42, 0.43, 0.44, 0.45, 0.46, 0.47000000000000003, 0.48, 0.49, 0.5, 0.51, 0.52, 0.53, 0.54, 0.55, 0.56, 0.5700000000000001, 0.58, 0.59, 0.6, 0.61, 0.62, 0.63, 0.64, 0.65, 0.66, 0.67, 0.68, 0.6900000000000001, 0.7000000000000001, 0.71, 0.72, 0.73, 0.74, 0.75, 0.76, 0.77, 0.78, 0.79, 0.8, 0.81, 0.8200000000000001, 0.8300000000000001, 0.84, 0.85, 0.86, 0.87, 0.88, 0.89, 0.9, 0.91, 0.92, 0.93, 0.9400000000000001, 0.9500000000000001, 0.96, 0.97, 0.98, 0.99, 1.0], "y": [0.32684824902723736, 0.32684824902723736, 0.32684824902723736, 0.32684824902723736, 0.32684824902723736, 0.32684824902723736, 0.32684824902723736, 0.32684824902723736, 0.32684824902723736, 0.32684824902723736, 0.32684824902723736, 0.32684824902723736, 0.32684824902723736, 0.32684824902723736, 0.32684824902723736, 0.32684824902723736, 0.32684824902723736, 0.32684824902723736, 0.32684824902723736, 0.32684824902723736, 0.32684824902723736, 0.32684824902723736, 0.32684824902723736, 0.32684824902723736, 0.32684824902723736, 0.32684824902723736, 0.32684824902723736, 0.32684824902723736, 0.32684824902723736, 0.32684824902723736, 0.32684824902723736, 0.32684824902723736, 0.32684824902723736, 0.32684824902723736, 0.32684824902723736, 0.32684824902723736, 0.32684824902723736, 0.32684824902723736, 0.32684824902723736, 0.32684824902723736, 0.32684824902723736, 0.32684824902723736, 0.32684824902723736, 0.32684824902723736, 0.32684824902723736, 0.32684824902723736, 0.32684824902723736, 0.32684824902723736, 0.32684824902723736, 0.32684824902723736, 0.32684824902723736, 0.32684824902723736, 0.32684824902723736, 0.32684824902723736, 0.32684824902723736, 0.32684824902723736, 0.32684824902723736, 0.32684824902723736, 0.32684824902723736, 0.32684824902723736, 0.32684824902723736, 0.32684824902723736, 0.32684824902723736, 0.32684824902723736, 0.32684824902723736, 0.32684824902723736, 0.32684824902723736, 0.32684824902723736, 0.32684824902723736, 0.32684824902723736, 0.32684824902723736, 0.32684824902723736, 0.32684824902723736, 0.32684824902723736, 0.32684824902723736, 0.32684824902723736, 0.32684824902723736, 0.32684824902723736, 0.32684824902723736, 0.32684824902723736, 0.32684824902723736, 0.32684824902723736, 0.32684824902723736, 0.32684824902723736, 0.32684824902723736, 0.32684824902723736, 0.4023876901308808, 0.47792713123452424, 0.5534665723381677, 0.6290060134418112, 0.7045454545454546, 0.7377540106951873, 0.7709625668449199, 0.8041711229946527, 0.8373796791443854, 0.8705882352941179, 0.8933257918552037, 0.9160633484162897, 0.9388009049773756, 0.9615384615384616, 0.9615384615384616]}, "gemma3:4b": {"x": [0.0, 0.01, 0.02, 0.03, 0.04, 0.05, 0.06, 0.07, 0.08, 0.09, 0.1, 0.11, 0.12, 0.13, 0.14, 0.15, 0.16, 0.17, 0.18, 0.19, 0.2, 0.21, 0.22, 0.23, 0.24, 0.25, 0.26, 0.27, 0.28, 0.29, 0.3, 0.31, 0.32, 0.33, 0.34, 0.35000000000000003, 0.36, 0.37, 0.38, 0.39, 0.4, 0.41000000000000003, 0.42, 0.43, 0.44, 0.45, 0.46, 0.47000000000000003, 0.48, 0.49, 0.5, 0.51, 0.52, 0.53, 0.54, 0.55, 0.56, 0.5700000000000001, 0.58, 0.59, 0.6, 0.61, 0.62, 0.63, 0.64, 0.65, 0.66, 0.67, 0.68, 0.6900000000000001, 0.7000000000000001, 0.71, 0.72, 0.73, 0.74, 0.75, 0.76, 0.77, 0.78, 0.79, 0.8, 0.81, 0.8200000000000001, 0.8300000000000001, 0.84, 0.85, 0.86, 0.87, 0.88, 0.89, 0.9, 0.91, 0.92, 0.93, 0.9400000000000001, 0.9500000000000001, 0.96, 0.97, 0.98, 0.99, 1.0], "y": [0.125, 0.125, 0.125, 0.125, 0.125, 0.125, 0.125, 0.125, 0.125, 0.125, 0.125, 0.125, 0.125, 0.125, 0.125, 0.125, 0.125, 0.125, 0.125, 0.125, 0.125, 0.125, 0.125, 0.125, 0.125, 0.125, 0.125, 0.125, 0.125, 0.125, 0.125, 0.125, 0.125, 0.125, 0.125, 0.125, 0.125, 0.125, 0.125, 0.125, 0.125, 0.125, 0.125, 0.125, 0.125, 0.125, 0.125, 0.125, 0.125, 0.125, 0.125, 0.125, 0.125, 0.125, 0.125, 0.125, 0.125, 0.125, 0.125, 0.125, 0.125, 0.125, 0.125, 0.125, 0.125, 0.125, 0.125, 0.125, 0.125, 0.125, 0.125, 0.125, 0.125, 0.125, 0.125, 0.125, 0.1596810089020772, 0.19436201780415438, 0.22904302670623158, 0.26372403560830876, 0.29840504451038596, 0.33308605341246317, 0.36776706231454037, 0.4024480712166175, 0.43712908011869434, 0.47181008902077154, 0.5093044047940191, 0.5467987205672666, 0.5842930363405142, 0.6217873521137618, 0.6592816678870093, 0.696775983660257, 0.7342702994335044, 0.771764615206752, 0.8092589309799996, 0.8467532467532467, 0.8467532467532467, 0.8467532467532467, 0.8467532467532467, 0.8467532467532467, 0.8467532467532467]}, "llama3.2:3b": {"x": [0.0, 0.01, 0.02, 0.03, 0.04, 0.05, 0.06, 0.07, 0.08, 0.09, 0.1, 0.11, 0.12, 0.13, 0.14, 0.15, 0.16, 0.17, 0.18, 0.19, 0.2, 0.21, 0.22, 0.23, 0.24, 0.25, 0.26, 0.27, 0.28, 0.29, 0.3, 0.31, 0.32, 0.33, 0.34, 0.35000000000000003, 0.36, 0.37, 0.38, 0.39, 0.4, 0.41000000000000003, 0.42, 0.43, 0.44, 0.45, 0.46, 0.47000000000000003, 0.48, 0.49, 0.5, 0.51, 0.52, 0.53, 0.54, 0.55, 0.56, 0.5700000000000001, 0.58, 0.59, 0.6, 0.61, 0.62, 0.63, 0.64, 0.65, 0.66, 0.67, 0.68, 0.6900000000000001, 0.7000000000000001, 0.71, 0.72, 0.73, 0.74, 0.75, 0.76, 0.77, 0.78, 0.79, 0.8, 0.81, 0.8200000000000001, 0.8300000000000001, 0.84, 0.85, 0.86, 0.87, 0.88, 0.89, 0.9, 0.91, 0.92, 0.93, 0.9400000000000001, 0.9500000000000001, 0.96, 0.97, 0.98, 0.99, 1.0],