model,label,precision,recall,f1,support
mistral:7b,B,0.9381443298969072,0.8425925925925926,0.8878048780487805,108
mistral:7b,E,0.0,0.0,0.0,1
mistral:7b,S,0.5,0.05263157894736842,0.09523809523809523,38
mistral:7b,V,0.6410256410256411,0.9615384615384616,0.7692307692307693,52
