model,label,precision,recall,f1,support
mistral:7b,B,0.7961783439490446,0.9615384615384616,0.8710801393728222,130
mistral:7b,E,0.4,0.06896551724137931,0.11764705882352941,29
mistral:7b,S,1.0,0.125,0.2222222222222222,16
mistral:7b,V,0.75,0.96,0.8421052631578947,25
