{"mistral:7b": {"x": [0.0, 0.01, 0.02, 0.03, 0.04, 0.05, 0.06, 0.07, 0.08, 0.09, 0.1, 0.11, 0.12, 0.13, 0.14, 0.15, 0.16, 0.17, 0.18, 0.19, 0.2, 0.21, 0.22, 0.23, 0.24, 0.25, 0.26, 0.27, 0.28, 0.29, 0.3, 0.31, 0.32, 0.33, 0.34, 0.35000000000000003, 0.36, 0.37, 0.38, 0.39, 0.4, 0.41000000000000003, 0.42, 0.43, 0.44, 0.45, 0.46, 0.47000000000000003, 0.48, 0.49, 0.5, 0.51, 0.52, 0.53, 0.54, 0.55, 0.56, 0.5700000000000001, 0.58, 0.59, 0.6, 0.61, 0.62, 0.63, 0.64, 0.65, 0.66, 0.67, 0.68, 0.6900000000000001, 0.7000000000000001, 0.71, 0.72, 0.73, 0.74, 0.75, 0.76, 0.77, 0.78, 0.79, 0.8, 0.81, 0.8200000000000001, 0.8300000000000001, 0.84, 0.85, 0.86, 0.87, 0.88, 0.89, 0.9, 0.91, 0.92, 0.93, 0.9400000000000001, 0.9500000000000001, 0.96, 0.97, 0.98, 0.99, 1.0], "y": [0.3333333333333333, 0.3333333333333333, 0.3333333333333333, 0.3333333333333333, 0.3333333333333333, 0.3333333333333333, 0.3333333333333333, 0.3333333333333333, 0.3333333333333333, 0.3333333333333333, 0.3333333333333333, 0.3333333333333333, 0.3333333333333333, 0.3333333333333333, 0.3333333333333333, 0.3333333333333333, 0.3333333333333333, 0.3333333333333333, 0.3333333333333333, 0.3333333333333333, 0.3333333333333333, 0.3333333333333333, 0.3333333333333333, 0.3333333333333333, 0.3333333333333333, 0.3333333333333333, 0.3333333333333333, 0.3333333333333333, 0.3333333333333333, 0.3333333333333333, 0.3333333333333333, 0.3333333333333333, 0.3333333333333333, 0.3333333333333333, 0.3333333333333333, 0.3333333333333333, 0.3333333333333333, 0.3333333333333333, 0.3333333333333333, 0.3333333333333333, 0.3333333333333333, 0.3333333333333333, 0.3333333333333333, 0.3333333333333333, 0.3333333333333333, 0.3333333333333333, 0.3333333333333333, 0.3333333333333333, 0.3333333333333333, 0.3333333333333333, 0.3333333333333333, 0.3333333333333333, 0.3333333333333333, 0.3333333333333333, 0.3333333333333333, 0.3333333333333333, 0.3333333333333333, 0.3333333333333333, 0.3333333333333333, 0.3333333333333333, 0.3333333333333333, 0.3333333333333333, 0.3333333333333333, 0.3333333333333333, 0.3333333333333333, 0.3333333333333333, 0.3333333333333333, 0.3333333333333333, 0.3333333333333333, 0.3333333333333333, 0.3333333333333333, 0.3333333333333333, 0.3333333333333333, 0.3333333333333333, 0.3333333333333333, 0.3333333333333333, 0.3415929203539823, 0.34985250737463125, 0.35811209439528024, 0.36637168141592924, 0.3746312684365782, 0.3828908554572272, 0.39115044247787617, 0.3994100294985251, 0.407669616519174, 0.415929203539823, 0.4537392682604676, 0.4915493329811122, 0.5293593977017568, 0.5671694624224014, 0.604979527143046, 0.6427895918636907, 0.6805996565843353, 0.7184097213049798, 0.7562197860256245, 0.7940298507462686, 0.7940298507462686, 0.7940298507462686, 0.7940298507462686, 0.7940298507462686, 0.7940298507462686]}, "olmo2:7b": {"x": [0.0, 0.01, 0.02, 0.03, 0.04, 0.05, 0.06, 0.07, 0.08, 0.09, 0.1, 0.11, 0.12, 0.13, 0.14, 0.15, 0.16, 0.17, 0.18, 0.19, 0.2, 0.21, 0.22, 0.23, 0.24, 0.25, 0.26, 0.27, 0.28, 0.29, 0.3, 0.31, 0.32, 0.33, 0.34, 0.35000000000000003, 0.36, 0.37, 0.38, 0.39, 0.4, 0.41000000000000003, 0.42, 0.43, 0.44, 0.45, 0.46, 0.47000000000000003, 0.48, 0.49, 0.5, 0.51, 0.52, 0.53, 0.54, 0.55, 0.56, 0.5700000000000001, 0.58, 0.59, 0.6, 0.61, 0.62, 0.63, 0.64, 0.65, 0.66, 0.67, 0.68, 0.6900000000000001, 0.7000000000000001, 0.71, 0.72, 0.73, 0.74, 0.75, 0.76, 0.77, 0.78, 0.79, 0.8, 0.81, 0.8200000000000001, 0.8300000000000001, 0.84, 0.85, 0.86, 0.87, 0.88, 0.89, 0.9, 0.91, 0.92, 0.93, 0.9400000000000001, 0.9500000000000001, 0.96, 0.97, 0.98, 0.99, 1.0], "y": [0.0, 0.0, 0.0, 0.0, 0.0, 0.0, 0.0, 0.0, 0.0, 0.0, 0.0, 0.0, 0.0, 0.0, 0.0, 0.0, 0.0, 0.0, 0.0, 0.0, 0.0, 0.0, 0.0, 0.0, 0.0, 0.0, 0.0, 0.0, 0.0, 0.0, 0.0, 0.0, 0.0, 0.0, 0.0, 0.0, 0.0, 0.0, 0.0, 0.0, 0.0, 0.0, 0.0, 0.0, 0.0, 0.0, 0.0, 0.0, 0.0, 0.0, 0.0, 0.0, 0.0, 0.0, 0.0, 0.0, 0.0, 0.0, 0.0, 0.0, 0.0, 0.0, 0.0, 0.0, 0.0, 0.0, 0.03266187050359716, 0.06532374100719432, 0.09798561151079148, 0.13064748201438864, 0.1633093525179858, 0.1959712230215826, 0.22863309352517977, 0.26129496402877694, 0.2939568345323741, 0.32661870503597124, 0.35928057553956844, 0.3919424460431656, 0.42460431654676273, 0.4572661870503599, 0.4899280575539571, 0.5225899280575542, 0.5552517985611514, 0.5879136690647485, 0.6205755395683453, 0.6532374100719425, 0.6869035680546473, 0.720569726037352, 0.7542358840200568, 0.7879020420027616, 0.8215681999854664, 0.8552343579681712, 0.8889005159508759, 0.9225666739335807, 0.9562328319162856, 0.98989898989899, 0.9924242424242424, 0.994949494949495, 0.9974747474747475, 1.0, 1.0]}, "gemma3:4b": {"x": [0.0, 0.01, 0.02, 0.03, 0.04, 0.05, 0.06, 0.07, 0.08, 0.09, 0.1, 0.11, 0.12, 0.13, 0.14, 0.15, 0.16, 0.17, 0.18, 0.19, 0.2, 0.21, 0.22, 0.23, 0.24, 0.25, 0.26, 0.27, 0.28, 0.29, 0.3, 0.31, 0.32, 0.33, 0.34, 0.35000000000000003, 0.36, 0.37, 0.38, 0.39, 0.4, 0.41000000000000003, 0.42, 0.43, 0.44, 0.45, 0.46, 0.47000000000000003, 0.48, 0.49, 0.5, 0.51, 0.52, 0.53, 0.54, 0.55, 0.56, 0.5700000000000001, 0.58, 0.59, 0.6, 0.61, 0.62, 0.63, 0.64, 0.65, 0.66, 0.67, 0.68, 0.6900000000000001, 0.7000000000000001, 0.71, 0.72, 0.73, 0.74, 0.75, 0.76, 0.77, 0.78, 0.79, 0.8, 0.81, 0.8200000000000001, 0.8300000000000001, 0.84, 0.85, 0.86, 0.87, 0.88, 0.89, 0.9, 0.91, 0.92, 0.93, 0.9400000000000001, 0.9500000000000001, 0.96, 0.97, 0.98, 0.99, 1.0], "y": [0.8146964856230032, 0.8146964856230032, 0.8146964856230032, 0.8146964856230032, 0.8146964856230032, 0.8146964856230032, 0.8146964856230032, 0.8146964856230032, 0.8146964856230032, 0.8146964856230032, 0.8146964856230032, 0.8146964856230032, 0.8146964856230032, 0.8146964856230032, 0.8146964856230032, 0.8146964856230032, 0.8146964856230032, 0.8146964856230032, 0.8146964856230032, 0.8146964856230032, 0.8146964856230032, 0.8146964856230032, 0.8146964856230032, 0.8146964856230032, 0.8146964856230032, 0.8146964856230032, 0.8146964856230032, 0.8146964856230032, 0.8146964856230032, 0.8146964856230032, 0.8146964856230032, 0.8146964856230032, 0.8146964856230032, 0.8146964856230032, 0.8146964856230032, 0.8146964856230032, 0.8146964856230032, 0.8146964856230032, 0.8146964856230032, 0.8146964856230032, 0.8146964856230032, 0.8146964856230032, 0.8146964856230032, 0.8146964856230032, 0.8146964856230032, 0.8146964856230032, 0.8146964856230032, 0.8146964856230032, 0.8146964856230032, 0.8146964856230032, 0.8146964856230032, 0.8146964856230032, 0.8146964856230032, 0.8146964856230032, 0.8146964856230032, 0.8146964856230032, 0.8146964856230032, 0.8146964856230032, 0.8146964856230032, 0.8146964856230032, 0.8146964856230032, 0.8146964856230032, 0.8146964856230032, 0.8146964856230032, 0.8146964856230032, 0.8146964856230032, 0.8146964856230032, 0.8146964856230032, 0.8146964856230032, 0.8146964856230032, 0.8146964856230032, 0.8146964856230032, 0.8146964856230032, 0.8146964856230032, 0.8146964856230032, 0.8146964856230032, 0.8146964856230032, 0.8146964856230032, 0.8146964856230032, 0.8146964856230032, 0.8146964856230032, 0.8146964856230032, 0.8146964856230032, 0.8146964856230032, 0.8146964856230032, 0.8146964856230032, 0.8146964856230032, 0.8146964856230032, 0.8146964856230032, 0.8146964856230032, 0.8146964856230032, 0.8146964856230032, 0.8146964856230032, 0.8146964856230032, 0.8146964856230032, 0.8146964856230032, 0.8146964856230032, 0.8146964856230032, 0.8146964856230032, 0.8146964856230032, 0.8146964856230032]},