model,label,precision,recall,f1,support
mistral:7b,B,0.9368421052631579,0.9081632653061225,0.9222797927461139,98
mistral:7b,E,0.07692307692307693,0.3333333333333333,0.125,3
mistral:7b,S,0.0,0.0,0.0,45
mistral:7b,V,0.6162790697674418,1.0,0.762589928057554,53
