model,n_samples,brier_score_raw,brier_score_isotonic,brier_score_temperature,brier_improvement_iso,brier_improvement_temp
mistral:7b,200,0.22879649999999999,0.1572736160709941,0.22879649999999999,0.07152288392900588,0.0
olmo2:7b,200,0.16318000000000005,0.1502524035215761,0.16318,0.012927596478423953,5.551115123125783e-17
