{"mistral:7b": {"x": [0.0, 0.01, 0.02, 0.03, 0.04, 0.05, 0.06, 0.07, 0.08, 0.09, 0.1, 0.11, 0.12, 0.13, 0.14, 0.15, 0.16, 0.17, 0.18, 0.19, 0.2, 0.21, 0.22, 0.23, 0.24, 0.25, 0.26, 0.27, 0.28, 0.29, 0.3, 0.31, 0.32, 0.33, 0.34, 0.35000000000000003, 0.36, 0.37, 0.38, 0.39, 0.4, 0.41000000000000003, 0.42, 0.43, 0.44, 0.45, 0.46, 0.47000000000000003, 0.48, 0.49, 0.5, 0.51, 0.52, 0.53, 0.54, 0.55, 0.56, 0.5700000000000001, 0.58, 0.59, 0.6, 0.61, 0.62, 0.63, 0.64, 0.65, 0.66, 0.67, 0.68, 0.6900000000000001, 0.7000000000000001, 0.71, 0.72, 0.73, 0.74, 0.75, 0.76, 0.77, 0.78, 0.79, 0.8, 0.81, 0.8200000000000001, 0.8300000000000001, 0.84, 0.85, 0.86, 0.87, 0.88, 0.89, 0.9, 0.91, 0.92, 0.93, 0.9400000000000001, 0.9500000000000001, 0.96, 0.97, 0.98, 0.99, 1.0], "y": [0.0, 0.0, 0.0, 0.0, 0.0, 0.0, 0.0, 0.0, 0.0, 0.0, 0.0, 0.0, 0.0, 0.0, 0.0, 0.0, 0.0, 0.0, 0.0, 0.0, 0.0, 0.0, 0.0, 0.0, 0.0, 0.0, 0.0, 0.0, 0.0, 0.0, 0.0, 0.0, 0.0, 0.0, 0.0, 0.0, 0.0, 0.0, 0.0, 0.0, 0.0, 0.0, 0.0, 0.0, 0.0, 0.0, 0.0, 0.0, 0.0, 0.0, 0.0, 0.0, 0.0, 0.0, 0.0, 0.0, 0.011111111111111124, 0.022222222222222247, 0.03333333333333325, 0.04444444444444437, 0.0555555555555555, 0.06666666666666662, 0.07777777777777774, 0.08888888888888886, 0.09999999999999999, 0.1111111111111111, 0.13097345132743365, 0.15083579154375618, 0.17069813176007873, 0.19056047197640125, 0.2104228121927238, 0.23028515240904612, 0.2501474926253686, 0.2700098328416912, 0.2898721730580137, 0.30973451327433627, 0.3300654097729896, 0.350396306271643, 0.37072720277029636, 0.3910580992689497, 0.41138899576760307, 0.4317198922662564, 0.4520507887649098, 0.4723816852635631, 0.4927125817622162, 0.5130434782608696, 0.5771014492753623, 0.6411594202898552, 0.7052173913043479, 0.7692753623188406, 0.8333333333333334, 0.8375451263537906, 0.8417569193742479, 0.8459687123947052, 0.8501805054151624, 0.8501805054151624, 0.8501805054151624, 0.8501805054151624, 0.8501805054151624, 0.8501805054151624, 0.8501805054151624]}, "olmo2:7b": {"x": [0.0, 0.01, 0.02, 0.03, 0.04, 0.05, 0.06, 0.07, 0.08, 0.09, 0.1, 0.11, 0.12, 0.13, 0.14, 0.15, 0.16, 0.17, 0.18, 0.19, 0.2, 0.21, 0.22, 0.23, 0.24, 0.25, 0.26, 0.27, 0.28, 0.29, 0.3, 0.31, 0.32, 0.33, 0.34, 0.35000000000000003, 0.36, 0.37, 0.38, 0.39, 0.4, 0.41000000000000003, 0.42, 0.43, 0.44, 0.45, 0.46, 0.47000000000000003, 0.48, 0.49, 0.5, 0.51, 0.52, 0.53, 0.54, 0.55, 0.56, 0.5700000000000001, 0.58, 0.59, 0.6, 0.61, 0.62, 0.63, 0.64, 0.65, 0.66, 0.67, 0.68, 0.6900000000000001, 0.7000000000000001, 0.71, 0.72, 0.73, 0.74, 0.75, 0.76, 0.77, 0.78, 0.79, 0.8, 0.81, 0.8200000000000001, 0.8300000000000001, 0.84, 0.85, 0.86, 0.87, 0.88, 0.89, 0.9, 0.91, 0.92, 0.93, 0.9400000000000001, 0.9500000000000001, 0.96, 0.97, 0.98, 0.99, 1.0], "y": [0.6482758620689655, 0.6482758620689655, 0.6482758620689655, 0.6482758620689655, 0.6482758620689655, 0.6482758620689655, 0.6482758620689655, 0.6482758620689655, 0.6482758620689655, 0.6482758620689655, 0.6482758620689655, 0.6482758620689655, 0.6482758620689655, 0.6482758620689655, 0.6482758620689655, 0.6482758620689655, 0.6482758620689655, 0.6482758620689655, 0.6482758620689655, 0.6482758620689655, 0.6482758620689655, 0.6482758620689655, 0.6482758620689655, 0.6482758620689655, 0.6482758620689655, 0.6482758620689655, 0.6482758620689655, 0.6482758620689655, 0.6482758620689655, 0.6482758620689655, 0.6482758620689655, 0.6482758620689655, 0.6482758620689655, 0.6482758620689655, 0.6482758620689655, 0.6482758620689655, 0.6482758620689655, 0.6482758620689655, 0.6482758620689655, 0.6482758620689655, 0.6482758620689655, 0.6482758620689655, 0.6482758620689655, 0.6482758620689655, 0.6482758620689655, 0.6482758620689655, 0.6482758620689655, 0.6482758620689655, 0.6482758620689655, 0.6482758620689655, 0.6482758620689655, 0.6482758620689655, 0.6482758620689655, 0.6482758620689655, 0.6482758620689655, 0.6482758620689655, 0.6482758620689655, 0.6482758620689655, 0.6482758620689655, 0.6482758620689655, 0.6482758620689655, 0.6482758620689655, 0.6482758620689655, 0.6482758620689655, 0.6482758620689655, 0.6482758620689655, 0.6482758620689655, 0.6482758620689655, 0.6482758620689655, 0.6482758620689655, 0.6482758620689655, 0.6482758620689655, 0.6482758620689655, 0.6482758620689655, 0.6482758620689655, 0.6482758620689655, 0.6482758620689655, 0.6482758620689655, 0.6482758620689655, 0.6482758620689655, 0.6482758620689655, 0.6482758620689655, 0.6482758620689655, 0.6503657262277952, 0.6524555903866248, 0.6545454545454545, 0.6773933686176836, 0.7002412826899128, 0.723089196762142, 0.7459371108343711, 0.7687850249066002, 0.7916329389788294, 0.8144808530510586, 0.8373287671232876, 0.8373287671232876, 0.8373287671232881, 0.8779965753424657, 0.9186643835616438, 0.959332191780822, 1.0, 1.0]}}