model,label,precision,recall,f1,support
mistral:7b,B,0.9156626506024096,0.8735632183908046,0.8941176470588236,87
mistral:7b,E,0.0,0.0,0.0,2
mistral:7b,S,0.68,0.3333333333333333,0.4473684210526316,51
mistral:7b,V,0.7377049180327869,0.75,0.743801652892562,60
olmo2:7b,B,0.8958333333333334,0.945054945054945,0.9197860962566845,91
olmo2:7b,E,0.07142857142857142,0.5,0.125,2
olmo2:7b,S,0.7941176470588235,0.574468085106383,0.6666666666666666,47
olmo2:7b,V,0.9215686274509803,0.7833333333333333,0.8468468468468469,60
