model,label,precision,recall,f1,support
mistral:7b,B,0.9156626506024096,0.8735632183908046,0.8941176470588236,87
mistral:7b,E,0.0,0.0,0.0,2
mistral:7b,S,0.68,0.3333333333333333,0.4473684210526316,51
mistral:7b,V,0.7377049180327869,0.75,0.743801652892562,60
