model,n_samples,brier_score_raw,brier_score_isotonic,brier_score_temperature,brier_improvement_iso,brier_improvement_temp
mistral:7b,198,0.1800020202020202,0.1589073782344687,0.1800020202020202,0.02109464196755148,0.0
olmo2:7b,200,0.20530799999999996,0.18535077582300463,0.20530799999999996,0.01995722417699533,0.0
gemma3:4b,200,0.33202499999999996,0.23647496596628645,0.33202499999999996,0.09555003403371351,0.0
llama3.2:3b,200,0.38265649999999996,0.24790172180351097,0.38265649999999996,0.13475477819648898,0.0
