{"mistral:7b": {"x": [0.0, 0.01, 0.02, 0.03, 0.04, 0.05, 0.06, 0.07, 0.08, 0.09, 0.1, 0.11, 0.12, 0.13, 0.14, 0.15, 0.16, 0.17, 0.18, 0.19, 0.2, 0.21, 0.22, 0.23, 0.24, 0.25, 0.26, 0.27, 0.28, 0.29, 0.3, 0.31, 0.32, 0.33, 0.34, 0.35000000000000003, 0.36, 0.37, 0.38, 0.39, 0.4, 0.41000000000000003, 0.42, 0.43, 0.44, 0.45, 0.46, 0.47000000000000003, 0.48, 0.49, 0.5, 0.51, 0.52, 0.53, 0.54, 0.55, 0.56, 0.5700000000000001, 0.58, 0.59, 0.6, 0.61, 0.62, 0.63, 0.64, 0.65, 0.66, 0.67, 0.68, 0.6900000000000001, 0.7000000000000001, 0.71, 0.72, 0.73, 0.74, 0.75, 0.76, 0.77, 0.78, 0.79, 0.8, 0.81, 0.8200000000000001, 0.8300000000000001, 0.84, 0.85, 0.86, 0.87, 0.88, 0.89, 0.9, 0.91, 0.92, 0.93, 0.9400000000000001, 0.9500000000000001, 0.96, 0.97, 0.98, 0.99, 1.0], "y": [0.0, 0.0, 0.0, 0.0, 0.0, 0.0, 0.0, 0.0, 0.0, 0.0, 0.0, 0.0, 0.0, 0.0, 0.0, 0.0, 0.0, 0.0, 0.0, 0.0, 0.0, 0.0, 0.0, 0.0, 0.0, 0.0, 0.0, 0.0, 0.0, 0.0, 0.0, 0.0, 0.0, 0.0, 0.0, 1.233581138472396e-16, 0.022222222222222237, 0.044444444444444474, 0.06666666666666672, 0.08888888888888895, 0.11111111111111119, 0.13333333333333344, 0.15555555555555556, 0.17777777777777778, 0.2, 0.22222222222222227, 0.2444444444444445, 0.2666666666666667, 0.28888888888888886, 0.3111111111111111, 0.3333333333333333, 0.3333333333333333, 0.3333333333333333, 0.3333333333333333, 0.3333333333333333, 0.3333333333333333, 0.336734693877551, 0.3401360544217687, 0.34353741496598633, 0.3469387755102041, 0.35034013605442177, 0.35374149659863946, 0.35714285714285715, 0.36054421768707484, 0.36394557823129253, 0.3673469387755102, 0.38023056550864626, 0.39311419224178223, 0.40599781897491827, 0.4188814457080543, 0.4317650724411903, 0.44464869917432615, 0.4575323259074622, 0.4704159526405982, 0.4832995793737342, 0.4961832061068702, 0.5243426632739611, 0.5525021204410518, 0.5806615776081426, 0.6088210347752334, 0.6369804919423242, 0.665139949109415, 0.6932994062765058, 0.7214588634435966, 0.749618320610687, 0.7777777777777778, 0.7873043478260869, 0.7968309178743962, 0.8063574879227053, 0.8158840579710146, 0.8254106280193237, 0.8349371980676329, 0.8444637681159421, 0.8539903381642513, 0.8635169082125606, 0.8730434782608696, 0.8730434782608696, 0.8730434782608696, 0.8730434782608696, 0.8730434782608696, 0.8730434782608696]}}