model,label,precision,recall,f1,support
mistral:7b,B,0.8636363636363636,0.9047619047619048,0.8837209302325582,84
mistral:7b,E,0.0,0.0,0.0,1
mistral:7b,S,0.75,0.2857142857142857,0.41379310344827586,42
mistral:7b,V,0.775,0.8732394366197183,0.8211920529801324,71
