{"mistral:7b": {"x": [0.0, 0.01, 0.02, 0.03, 0.04, 0.05, 0.06, 0.07, 0.08, 0.09, 0.1, 0.11, 0.12, 0.13, 0.14, 0.15, 0.16, 0.17, 0.18, 0.19, 0.2, 0.21, 0.22, 0.23, 0.24, 0.25, 0.26, 0.27, 0.28, 0.29, 0.3, 0.31, 0.32, 0.33, 0.34, 0.35000000000000003, 0.36, 0.37, 0.38, 0.39, 0.4, 0.41000000000000003, 0.42, 0.43, 0.44, 0.45, 0.46, 0.47000000000000003, 0.48, 0.49, 0.5, 0.51, 0.52, 0.53, 0.54, 0.55, 0.56, 0.5700000000000001, 0.58, 0.59, 0.6, 0.61, 0.62, 0.63, 0.64, 0.65, 0.66, 0.67, 0.68, 0.6900000000000001, 0.7000000000000001, 0.71, 0.72, 0.73, 0.74, 0.75, 0.76, 0.77, 0.78, 0.79, 0.8, 0.81, 0.8200000000000001, 0.8300000000000001, 0.84, 0.85, 0.86, 0.87, 0.88, 0.89, 0.9, 0.91, 0.92, 0.93, 0.9400000000000001, 0.9500000000000001, 0.96, 0.97, 0.98, 0.99, 1.0], "y": [0.0, 0.0, 0.0, 0.0, 0.0, 0.0, 0.0, 0.0, 0.0, 0.0, 0.0, 0.0, 0.0, 0.0, 0.0, 0.0, 0.0, 0.0, 0.0, 0.0, 0.0, 0.0, 0.0, 0.0, 0.0, 0.0, 0.0, 0.0, 0.0, 0.0, 0.0, 0.0, 0.0, 0.0, 0.0, 0.0, 0.0, 0.0, 0.0, 0.0, 0.0, 0.0, 0.0, 0.0, 0.0, 0.0, 0.0, 0.0, 0.0, 0.0, 0.0, 0.00833333333333334, 0.01666666666666668, 0.02500000000000002, 0.03333333333333336, 0.0416666666666667, 0.05000000000000004, 0.05833333333333338, 0.06666666666666662, 0.07499999999999997, 0.0833333333333333, 0.09166666666666665, 0.09999999999999999, 0.10833333333333332, 0.11666666666666667, 0.125, 0.13858695652173914, 0.1521739130434783, 0.16576086956521743, 0.1793478260869566, 0.19293478260869573, 0.2065217391304347, 0.22010869565217386, 0.23369565217391303, 0.24728260869565216, 0.2608695652173913, 0.2807285546415981, 0.30058754406580496, 0.32044653349001184, 0.34030552291421867, 0.3601645123384255, 0.38002350176263233, 0.39988249118683916, 0.419741480611046, 0.43960047003525266, 0.4594594594594595, 0.5275675675675676, 0.5956756756756757, 0.6637837837837839, 0.731891891891892, 0.8, 0.8186924493554328, 0.8373848987108656, 0.8560773480662985, 0.8747697974217311, 0.8747697974217311, 0.8747697974217311, 0.8747697974217311, 0.8747697974217311, 0.8747697974217311, 0.8747697974217311]}, "olmo2:7b": {"x": [0.0, 0.01, 0.02, 0.03, 0.04, 0.05, 0.06, 0.07, 0.08, 0.09, 0.1, 0.11, 0.12, 0.13, 0.14, 0.15, 0.16, 0.17, 0.18, 0.19, 0.2, 0.21, 0.22, 0.23, 0.24, 0.25, 0.26, 0.27, 0.28, 0.29, 0.3, 0.31, 0.32, 0.33, 0.34, 0.35000000000000003, 0.36, 0.37, 0.38, 0.39, 0.4, 0.41000000000000003, 0.42, 0.43, 0.44, 0.45, 0.46, 0.47000000000000003, 0.48, 0.49, 0.5, 0.51, 0.52, 0.53, 0.54, 0.55, 0.56, 0.5700000000000001, 0.58, 0.59, 0.6, 0.61, 0.62, 0.63, 0.64, 0.65, 0.66, 0.67, 0.68, 0.6900000000000001, 0.7000000000000001, 0.71, 0.72, 0.73, 0.74, 0.75, 0.76, 0.77, 0.78, 0.79, 0.8, 0.81, 0.8200000000000001, 0.8300000000000001, 0.84, 0.85, 0.86, 0.87, 0.88, 0.89, 0.9, 0.91, 0.92, 0.93, 0.9400000000000001, 0.9500000000000001, 0.96, 0.97, 0.98, 0.99, 1.0], "y": [0.0, 0.0, 0.0, 0.0, 0.0, 0.0, 0.0, 0.0, 0.0, 0.0, 0.0, 0.0, 0.0, 0.0, 0.0, 0.0, 0.0, 0.0, 0.0, 0.0, 0.0, 0.0, 0.0, 0.0, 0.0, 0.0, 0.0, 0.0, 0.0, 0.0, 0.0, 0.0, 0.0, 0.0, 0.0, 0.0, 0.0, 0.0, 0.0, 0.0, 0.0, 0.0, 0.0, 0.0, 0.0, 0.0, 0.0, 0.0, 0.0, 0.0, 0.0, 0.0, 0.0, 0.0, 0.0, 0.0, 0.0, 0.0, 0.0, 0.0, 0.0, 0.0, 0.0, 0.0, 0.0, 0.0, 0.1317829457364344, 0.2635658914728688, 0.39534883720930314, 0.5271317829457376, 0.6589147286821705, 0.6589147286821705, 0.6589147286821705, 0.6589147286821705, 0.6589147286821705, 0.6589147286821705, 0.6610300880304821, 0.6631454473787938, 0.6652608067271055, 0.6673761660754172, 0.6694915254237288, 0.6694915254237288, 0.6694915254237288, 0.6694915254237288, 0.6694915254237288, 0.6694915254237288, 0.6694915254237288, 0.6694915254237288, 0.6694915254237288, 0.7554547179357449, 0.8414179104477612, 0.8414179104477612, 0.8414179104477612, 0.8414179104477612, 0.8414179104477612, 0.8414179104477616, 0.8810634328358209, 0.9207089552238805, 0.9603544776119403, 1.0, 1.0]}}