model,label,precision,recall,f1,support
mistral:7b,B,0.9666666666666667,0.8787878787878788,0.9206349206349206,99
mistral:7b,E,0.0,0.0,0.0,3
mistral:7b,S,0.6666666666666666,0.32558139534883723,0.4375,43
mistral:7b,V,0.7213114754098361,0.8,0.7586206896551724,55
olmo2:7b,B,0.8514851485148515,0.945054945054945,0.8958333333333334,91
olmo2:7b,E,0.07142857142857142,0.5,0.125,2
olmo2:7b,S,0.8,0.5106382978723404,0.6233766233766234,47
olmo2:7b,V,0.9183673469387755,0.75,0.8256880733944955,60
