model,label,precision,recall,f1,support
mistral:7b,B,0.9666666666666667,0.8787878787878788,0.9206349206349206,99
mistral:7b,E,0.0,0.0,0.0,3
mistral:7b,S,0.6666666666666666,0.32558139534883723,0.4375,43
mistral:7b,V,0.7213114754098361,0.8,0.7586206896551724,55
