{
  "mistral:7b": {
    "V": 0.1,
    "B": 0.1,
    "E": 0.0,
    "P": 0.0,
    "R": 0.0,
    "S": 0.0
  },
  "olmo2:7b": {
    "V": 0.30000000000000004,
    "B": 0.30000000000000004,
    "E": 0.0,
    "P": 0.0,
    "R": 0.0,
    "S": 0.2
  }
}