{
  "llama3.2": {
    "isotonic_trained": true,
    "T": 17.42691824696778,
    "T_multiclass": 0.36489270856046524,
    "val_logloss_before": 0.017560085942971232,
    "val_logloss_isotonic": 0.2674591607549531,
    "val_logloss_temp": 0.26063591823158666,
    "val_brier_before": 0.001666666666666666,
    "val_brier_isotonic": 0.06481481481481483,
    "val_brier_temp": 0.060672239508888455,
    "n_train": 14,
    "n_val": 6
  },
  "qwen2.5": {
    "isotonic_trained": true,
    "T": 23.424164748125566,
    "T_multiclass": 0.6997417208634023,
    "val_logloss_before": 2.2204460492503136e-16,
    "val_logloss_isotonic": 0.262364264467491,
    "val_logloss_temp": 0.268042731936794,
    "val_brier_before": 0.0,
    "val_brier_isotonic": 0.05325443786982247,
    "val_brier_temp": 0.05528372057023132,
    "n_train": 14,
    "n_val": 6
  },
  "mistral": {
    "isotonic_trained": true,
    "T": 2.160862997072307,
    "T_multiclass": 1.3478211527820583,
    "val_logloss_before": 0.0883685060909587,
    "val_logloss_isotonic": 0.532338464145181,
    "val_logloss_temp": 0.27536655638860175,
    "val_brier_before": 0.009166666666666672,
    "val_brier_isotonic": 0.19416666666666668,
    "val_brier_temp": 0.05961142497147412,
    "n_train": 14,
    "n_val": 6
  }
}