model,label,precision,recall,f1,support
llama3.2,B,0.6666666666666666,0.8,0.7272727272727273,5
llama3.2,S,0.0,0.0,0.0,3
llama3.2,V,0.7857142857142857,0.9166666666666666,0.8461538461538461,12
mistral,B,1.0,0.8,0.8888888888888888,5
mistral,S,0.0,0.0,0.0,3
mistral,V,0.75,1.0,0.8571428571428571,12
qwen2.5,B,1.0,0.8,0.8888888888888888,5
qwen2.5,S,0.0,0.0,0.0,3
qwen2.5,V,0.8,1.0,0.8888888888888888,12
