model,total,illeg_support,legit_support,FL,FI,FL_rate,FI_rate,FL_FI_ratio
llama3.2,50,30,20,2,11,0.06666666666666667,0.55,0.18181818181818182
qwen2.5,50,30,20,2,7,0.06666666666666667,0.35,0.2857142857142857
mistral,50,30,20,5,4,0.16666666666666666,0.2,1.25
