model,label,precision,recall,f1,support
llama3.2,B,0.8,0.6153846153846154,0.6956521739130435,13
llama3.2,S,0.0,0.0,0.0,7
llama3.2,V,0.717948717948718,0.9333333333333333,0.8115942028985508,30
mistral,B,0.65,1.0,0.7878787878787878,13
mistral,S,0.0,0.0,0.0,7
mistral,V,0.8620689655172413,0.8333333333333334,0.847457627118644,30
qwen2.5,B,0.8333333333333334,0.7692307692307693,0.8,13
qwen2.5,S,0.0,0.0,0.0,7
qwen2.5,V,0.8,0.9333333333333333,0.8615384615384616,30
