model,false_legitimization_rate_FLR,false_legitimization_count_FL,n_illegit_events,false_illegitimization_rate_FIR,false_illegitimization_count_FI,n_legit_events,total_events,harm_ratio_FL_to_FI
mistral:7b,0.09090909090909091,5,55,0.11267605633802817,16,142,200,0.3125
olmo2:7b,0.16666666666666666,10,60,0.043478260869565216,6,138,200,1.6666666666666667
gemma3:4b,0.05,3,60,0.3333333333333333,46,138,200,0.06521739130434782
llama3.2:3b,0.05,3,60,0.3695652173913043,51,138,200,0.058823529411764705
