{"mistral:7b": {"x": [0.0, 0.01, 0.02, 0.03, 0.04, 0.05, 0.06, 0.07, 0.08, 0.09, 0.1, 0.11, 0.12, 0.13, 0.14, 0.15, 0.16, 0.17, 0.18, 0.19, 0.2, 0.21, 0.22, 0.23, 0.24, 0.25, 0.26, 0.27, 0.28, 0.29, 0.3, 0.31, 0.32, 0.33, 0.34, 0.35000000000000003, 0.36, 0.37, 0.38, 0.39, 0.4, 0.41000000000000003, 0.42, 0.43, 0.44, 0.45, 0.46, 0.47000000000000003, 0.48, 0.49, 0.5, 0.51, 0.52, 0.53, 0.54, 0.55, 0.56, 0.5700000000000001, 0.58, 0.59, 0.6, 0.61, 0.62, 0.63, 0.64, 0.65, 0.66, 0.67, 0.68, 0.6900000000000001, 0.7000000000000001, 0.71, 0.72, 0.73, 0.74, 0.75, 0.76, 0.77, 0.78, 0.79, 0.8, 0.81, 0.8200000000000001, 0.8300000000000001, 0.84, 0.85, 0.86, 0.87, 0.88, 0.89, 0.9, 0.91, 0.92, 0.93, 0.9400000000000001, 0.9500000000000001, 0.96, 0.97, 0.98, 0.99, 1.0], "y": [0.0, 0.0, 0.0, 0.0, 0.0, 0.0, 0.0, 0.0, 0.0, 0.0, 0.0, 0.0, 0.0, 0.0, 0.0, 0.0, 0.0, 0.0, 0.0, 0.0, 0.0, 0.0, 0.0, 0.0, 0.0, 0.0, 0.0, 0.0, 0.0, 0.0, 0.0, 0.0, 0.0, 0.0, 0.0, 0.0, 0.0, 0.0, 0.0, 0.0, 0.0, 0.0, 0.0, 0.0, 0.0, 0.0, 0.0, 0.0, 0.0, 0.0, 0.0, 0.0, 0.0, 0.0, 0.0, 0.0, 0.025000000000000026, 0.05000000000000005, 0.0749999999999998, 0.09999999999999983, 0.12499999999999986, 0.14999999999999988, 0.1749999999999999, 0.19999999999999993, 0.22499999999999995, 0.25, 0.25961538461538464, 0.2692307692307693, 0.27884615384615385, 0.2884615384615385, 0.29807692307692313, 0.30769230769230765, 0.3173076923076923, 0.32692307692307687, 0.3365384615384615, 0.34615384615384615, 0.4240059457450762, 0.5018580453363062, 0.5797101449275363, 0.5797101449275363, 0.5797101449275363, 0.5797101449275363, 0.5797101449275363, 0.5797101449275363, 0.5797101449275363, 0.5797101449275363, 0.6169596053037312, 0.654209065679926, 0.6914585260561209, 0.7287079864323158, 0.7659574468085106, 0.7736037234042553, 0.78125, 0.78125, 0.78125, 0.7812500000000004, 0.818218954248366, 0.8551879084967321, 0.8921568627450981, 0.8921568627450981, 0.8921568627450981]}, "olmo2:7b": {"x": [0.0, 0.01, 0.02, 0.03, 0.04, 0.05, 0.06, 0.07, 0.08, 0.09, 0.1, 0.11, 0.12, 0.13, 0.14, 0.15, 0.16, 0.17, 0.18, 0.19, 0.2, 0.21, 0.22, 0.23, 0.24, 0.25, 0.26, 0.27, 0.28, 0.29, 0.3, 0.31, 0.32, 0.33, 0.34, 0.35000000000000003, 0.36, 0.37, 0.38, 0.39, 0.4, 0.41000000000000003, 0.42, 0.43, 0.44, 0.45, 0.46, 0.47000000000000003, 0.48, 0.49, 0.5, 0.51, 0.52, 0.53, 0.54, 0.55, 0.56, 0.5700000000000001, 0.58, 0.59, 0.6, 0.61, 0.62, 0.63, 0.64, 0.65, 0.66, 0.67, 0.68, 0.6900000000000001, 0.7000000000000001, 0.71, 0.72, 0.73, 0.74, 0.75, 0.76, 0.77, 0.78, 0.79, 0.8, 0.81, 0.8200000000000001, 0.8300000000000001, 0.84, 0.85, 0.86, 0.87, 0.88, 0.89, 0.9, 0.91, 0.92, 0.93, 0.9400000000000001, 0.9500000000000001, 0.96, 0.97, 0.98, 0.99, 1.0], "y": [0.6105263157894737, 0.6105263157894737, 0.6105263157894737, 0.6105263157894737, 0.6105263157894737, 0.6105263157894737, 0.6105263157894737, 0.6105263157894737, 0.6105263157894737, 0.6105263157894737, 0.6105263157894737, 0.6105263157894737, 0.6105263157894737, 0.6105263157894737, 0.6105263157894737, 0.6105263157894737, 0.6105263157894737, 0.6105263157894737, 0.6105263157894737, 0.6105263157894737, 0.6105263157894737, 0.6105263157894737, 0.6105263157894737, 0.6105263157894737, 0.6105263157894737, 0.6105263157894737, 0.6105263157894737, 0.6105263157894737, 0.6105263157894737, 0.6105263157894737, 0.6105263157894737, 0.6105263157894737, 0.6105263157894737, 0.6105263157894737, 0.6105263157894737, 0.6105263157894737, 0.6105263157894737, 0.6105263157894737, 0.6105263157894737, 0.6105263157894737, 0.6105263157894737, 0.6105263157894737, 0.6105263157894737, 0.6105263157894737, 0.6105263157894737, 0.6105263157894737, 0.6105263157894737, 0.6105263157894737, 0.6105263157894737, 0.6105263157894737, 0.6105263157894737, 0.6105263157894737, 0.6105263157894737, 0.6105263157894737, 0.6105263157894737, 0.6105263157894737, 0.6105263157894737, 0.6105263157894737, 0.6105263157894737, 0.6105263157894737, 0.6105263157894737, 0.6105263157894737, 0.6105263157894737, 0.6105263157894737, 0.6105263157894737, 0.6105263157894737, 0.6105263157894737, 0.6105263157894737, 0.6105263157894737, 0.6105263157894737, 0.6105263157894737, 0.6105263157894737, 0.6105263157894737, 0.6105263157894737, 0.6105263157894737, 0.6105263157894737, 0.6105263157894737, 0.6105263157894737, 0.6105263157894737, 0.6105263157894737, 0.6105263157894737, 0.6105263157894737, 0.6105263157894737, 0.6105263157894737, 0.6105263157894737, 0.7813765182186235, 0.8018911301398494, 0.8224057420610751, 0.8429203539823009, 0.8429203539823009, 0.8429203539823009, 0.8429203539823009, 0.8429203539823009, 0.8429203539823009, 0.8429203539823009, 0.8429203539823014, 0.8821902654867257, 0.9214601769911505, 0.9607300884955752, 1.0, 1.0]}, "gemma3:4b": {"x": [0.0, 0.01, 0.02, 0.03, 0.04, 0.05, 0.06, 0.07, 0.08, 0.09, 0.1, 0.11, 0.12, 0.13, 0.14, 0.15, 0.16, 0.17, 0.18, 0.19, 0.2, 0.21, 0.22, 0.23, 0.24, 0.25, 0.26, 0.27, 0.28, 0.29, 0.3, 0.31, 0.32, 0.33, 0.34, 0.35000000000000003, 0.36, 0.37, 0.38, 0.39, 0.4, 0.41000000000000003, 0.42, 0.43, 0.44, 0.45, 0.46, 0.47000000000000003, 0.48, 0.49, 0.5, 0.51, 0.52, 0.53, 0.54, 0.55, 0.56, 0.5700000000000001, 0.58, 0.59, 0.6, 0.61, 0.62, 0.63, 0.64, 0.65, 0.66, 0.67, 0.68, 0.6900000000000001, 0.7000000000000001, 0.71, 0.72, 0.73, 0.74, 0.75, 0.76, 0.77, 0.78, 0.79, 0.8, 0.81, 0.8200000000000001, 0.8300000000000001, 0.84, 0.85, 0.86, 0.87, 0.88, 0.89, 0.9, 0.91, 0.92, 0.93, 0.9400000000000001, 0.9500000000000001, 0.96, 0.97, 0.98, 0.99, 1.0], "y": [0.1388888888888889, 0.1388888888888889, 0.1388888888888889, 0.1388888888888889, 0.1388888888888889, 0.1388888888888889, 0.1388888888888889, 0.1388888888888889, 0.1388888888888889, 0.1388888888888889, 0.1388888888888889, 0.1388888888888889, 0.1388888888888889, 0.1388888888888889, 0.1388888888888889, 0.1388888888888889, 0.1388888888888889, 0.1388888888888889, 0.1388888888888889, 0.1388888888888889, 0.1388888888888889, 0.1388888888888889, 0.1388888888888889, 0.1388888888888889, 0.1388888888888889, 0.1388888888888889, 0.1388888888888889, 0.1388888888888889, 0.1388888888888889, 0.1388888888888889, 0.1388888888888889, 0.1388888888888889, 0.1388888888888889, 0.1388888888888889, 0.1388888888888889, 0.1388888888888889, 0.1388888888888889, 0.1388888888888889, 0.1388888888888889, 0.1388888888888889, 0.1388888888888889, 0.1388888888888889, 0.1388888888888889, 0.1388888888888889, 0.1388888888888889, 0.1388888888888889, 0.1388888888888889, 0.1388888888888889, 0.1388888888888889, 0.1388888888888889, 0.1388888888888889, 0.1388888888888889, 0.1388888888888889, 0.1388888888888889, 0.1388888888888889, 0.1388888888888889, 0.1388888888888889, 0.1388888888888889, 0.1388888888888889, 0.1388888888888889, 0.1388888888888889, 0.1388888888888889, 0.1388888888888889, 0.1388888888888889, 0.1388888888888889, 0.1388888888888889, 0.1388888888888889, 0.1388888888888889, 0.1388888888888889, 0.1388888888888889, 0.1388888888888889, 0.1388888888888889, 0.1388888888888889, 0.1388888888888889, 0.1388888888888889, 0.1388888888888889, 0.22269005847953216, 0.3064912280701754, 0.3902923976608187, 0.47409356725146196, 0.5578947368421052, 0.5638730413820812, 0.569851345922057, 0.5758296504620329, 0.5818079550020088, 0.5877862595419847, 0.5877862595419847, 0.5877862595419847, 0.5877862595419847, 0.5877862595419847, 0.8840579710144928, 0.8840579710144928, 0.8840579710144928, 0.8840579710144928, 0.8840579710144928, 0.8840579710144928, 0.8840579710144928, 0.8840579710144928, 0.8840579710144928, 0.8840579710144928, 0.8840579710144928]},