model,label,precision,recall,f1,support
mistral:7b,B,0.946236559139785,0.8888888888888888,0.9166666666666666,99
mistral:7b,E,0.07692307692307693,0.3333333333333333,0.125,3
mistral:7b,S,0.7272727272727273,0.37209302325581395,0.49230769230769234,43
mistral:7b,V,0.7333333333333333,0.8,0.7652173913043478,55
